ID,elevation,canton,municipality,mgroup,LU1980,LU2000,LU2020,LNF_Code,plotID,priority,Latitude,Longitude,slope,exposition,Nutzungsid,P.Test.CO2.
MP1-LU-GR-1,503,Lucerne,Greppen,CE,NA,OE,TRUE,611,GEOE03,MP1,47.05589719006037,8.43425516769494,22,261,LU.KUL.272657,NA
MP1-NI-EN-1,507,Nidwalden,Ennetmoos,EI,NA,OE,FALSE,613,ENOE05,MP1,46.95757910039553,8.328560840119115,10,90,7104,NA
MP1-NI-EN-2,518,Nidwalden,Ennetmoos,EI,NA,OE,FALSE,613,ENOE03,MP1,46.95299240765737,8.333253411065984,45,278,6716,NA
MP1-LU-GR-2,537,Lucerne,Greppen,EI,NA,OE,FALSE,613,GEOE09,MP1,47.05506667481814,8.436274989050927,27,267,LU.KUL.124178,NA
MP1-NI-EN-3,583,Nidwalden,Ennetmoos,EI,NA,OE,FALSE,613,ENOE08,MP1,46.943333967109496,8.311269073756927,30,134,22454,NA
MP1-LU-WE-1,616,Lucerne,Weggis,EI,NA,OE,FALSE,613,GEOE04,MP1,47.049233777944885,8.43483732221687,40,275,LU.KUL.273589,NA
MP1-GR-RH-1,653,Graubünden,Rhäzüns,EI,NA,OE,FALSE,613,RHOE09,MP1,46.781886406911546,9.408955004947568,1,47,72312906130000j00,NA
MP1-LU-GR-3,666,Lucerne,Greppen,EI,NA,OE,FALSE,616,GEOE06,MP1,47.05928195102811,8.442580845371294,40,312,LU.KUL.123979,NA
MP1-NI-EN-4,688,Nidwalden,Ennetmoos,CI,NA,WE,FALSE,616,ENWE03,MP1,46.94907816156429,8.344471129460896,40,1,18643,NA
MP1-NI-EN-5,788,Nidwalden,Ennetmoos,CE,NA,OE,TRUE,611,ENOE06,MP1,46.94666795674955,8.34205150776645,25,31,7116,NA
MP1-BE-BE-1,808,Bern,Beatenberg,CI,NA,WE,FALSE,616,BEWE05,MP1,46.69095834585457,7.794858959476794,20,138,742994,NA
MP1-LU-GR-4,827,Lucerne,Greppen,CI,NA,WE,FALSE,616,GEWE06,MP1,47.05731184243345,8.44556370248666,28,286,LU.KUL.952326,NA
MP1-GL-MA-1,856,Glarus,Matt,CI,NA,WE,FALSE,616,MAWE07,MP1,46.96872377563896,9.16148212597377,25,61,8405,NA
MP1-GR-BO-1,878,Graubünden,Bonaduz,EI,NA,OE,FALSE,613,BOOE09,MP1,46.79571909999897,9.347234254750262,1,3,72121906130000j00,NA
MP1-GR-BO-2,898,Graubünden,Bonaduz,CE,NA,OE,TRUE,611,BOOE14,MP1,46.79295556680028,9.351066771934608,12,255,ANU2002119,NA
MP1-GL-MA-2,962,Glarus,Matt,IE,NA,WE,TRUE,617,MAWE02,MP1,46.95409694473738,9.176781004772854,15,316,7808,NA
MP1-LU-GR-5,1009,Lucerne,Greppen,EI,NA,OE,FALSE,616,GEOE08B,MP1,47.05089214183194,8.44807551685663,50,358,LU.KUL.124386,NA
MP1-BE-BE-2,1029,Bern,Beatenberg,CE,NA,OE,TRUE,611,BEOE02,MP1,46.68853540861446,7.784076089771471,0,152,236608,NA
MP1-GR-RU-1,1100,Graubünden,Rueun,CI,NA,WI,FALSE,613,SIWI06,MP1,46.788970560036134,9.152906586349074,3,232,619143406130000j00,NA
MP1-BE-BE-3,1101,Bern,Beatenberg,IE,NA,WE,TRUE,617,BEWE03,MP1,46.694632754910785,7.791813248714934,17,153,863107,NA
MP1-GL-MA-3,1123,Glarus,Matt,IE,NA,WE,TRUE,617,MAWE04,MP1,46.9444229333048,9.162016527926188,20,133,7754,NA
MP1-GR-TI-1,1136,Graubünden,Tiefencastel,CI,NA,WE,FALSE,616,SVWE08,MP1,46.66805430524072,9.545330152774415,27,74,54232236160000j00,NA
MP1-BE-BE-4,1146,Bern,Beatenberg,IE,NA,WI,TRUE,612,BEWI06,MP1,46.70304804403928,7.82829461217113,20,128,199431,NA
MP1-GR-PR-1,1181,Graubünden,Präz,CE,NA,OE,TRUE,611,RHOE01,MP1,46.772050421020026,9.406591518040669,2,41,ANU2041660,NA
MP1-GR-TI-2,1202,Graubünden,Tiefencastel,IE,NA,WE,TRUE,617,SVWE06,MP1,46.667179224210344,9.543988831100275,11,73,ANU2000179,NA
MP1-BE-BE-5,1239,Bern,Beatenberg,CE,NA,OE,TRUE,611,BEOE01,MP1,46.69419846882023,7.758288900786426,45,206,236491,NA
MP1-BE-BE-6,1240,Bern,Beatenberg,CE,NA,OE,TRUE,611,BEOE08,MP1,46.69298855623915,7.771888607775248,5,186,236519,NA
MP1-GL-MA-4,1298,Glarus,Matt,IE,NA,WE,TRUE,617,MAWE05,MP1,46.96505380350618,9.182439143437772,35,235,7885,NA
MP1-GR-RH-2,1302,Graubünden,Rhäzüns,EI,NA,OE,FALSE,613,RHOE06,MP1,46.77148954276925,9.39344629204488,20,7,7231635b6130000j00,NA
MP1-GR-RH-3,1341,Graubünden,Rhäzüns,CE,NA,OE,TRUE,611,RHOE02,MP1,46.77520450353518,9.38784021839778,20,80,ANU2041695,NA
MP1-GL-MA-5,1355,Glarus,Matt,CI,NA,WE,FALSE,613,MAWE08,MP1,46.96652713361324,9.18769788760629,25,176,7957,NA
MP1-GR-FL-1,1382,Graubünden,Flerden,CE,NA,OE,TRUE,694,FLOE08,MP1,46.70817798750765,9.397240551007943,30,99,ANU1234005,NA
MP1-GR-RH-4,1395,Graubünden,Rhäzüns,IE,NA,WE,TRUE,611,RHWE05,MP1,46.77971609318525,9.383829160414004,15,95,ANU2041678,NA
MP1-GR-FL-2,1400,Graubünden,Flerden,IE,NA,WE,TRUE,611,FLWE05,MP1,46.70580465026732,9.396375083077332,25,50,ANU1224316,NA
MP1-GR-FL-3,1425,Graubünden,Flerden,CI,NA,WI,FALSE,613,FLWI02,MP1,46.706726358884566,9.395100458757051,4,76,6622766130000j00,NA
MP1-GL-MA-6,1471,Glarus,Matt,CE,NA,OE,TRUE,611,MAOE10,MP1,46.97375416752748,9.176819626500944,40,206,8051,NA
MP1-GR-PE-1,1473,Graubünden,Peist,CI,NA,WI,FALSE,613,PEWI09,MP1,46.83363284453417,9.68687010323372,12,216,921125516130000j00,NA
MP1-GR-SP-1,1500,Graubünden,Splügen,EI,NA,OE,FALSE,613,SPOE10,MP1,46.5465120709511,9.318230289385992,10,342,7148606130000j00,NA
MP1-GR-UR-1,1500,Graubünden,Urmein,CI,NA,WI,FALSE,613,FLWI04,MP1,46.70229723617156,9.391015979031485,6,78,6622896130000j00,NA
MP1-GR-MU-1,1501,Graubünden,Mutten,EI,NA,OE,FALSE,613,SVOE04,MP1,46.672274228244554,9.5115052393777475,15,352,ANU2084635,NA
MP1-GR-PE-2,1518,Graubünden,Peist,IE,NA,WE,TRUE,617,PEWE11,MP1,46.83535377347623,9.690875976078091,3,201,ANU15621,NA
MP1-GR-SP-2,1532,Graubünden,Splügen,CI,NA,WI,FALSE,613,SPWI05,MP1,46.55576893778723,9.323798628799487,27,133,7147026130000j00,NA
MP1-GR-TI-3,1542,Graubünden,Tiefencastel,CI,NA,WE,FALSE,616,SVWE03,MP1,46.66661647815103,9.525666677727632,15,33,54232906160000j00,NA
MP1-GR-SI-1,1571,Graubünden,Siat,CE,NA,OE,TRUE,611,SIOE07,MP1,46.80149130861126,9.153512472368204,20,189,ANU2206981,NA
MP1-GR-SP-3,1579,Graubünden,Splügen,CE,NA,OE,TRUE,611,SPOEX1,MP1,46.54714627999116,9.326848774406931,8,345,ANU2040212,NA
MP1-GR-PE-3,1594,Graubünden,Peist,IE,NA,WE,TRUE,617,PEWE01,MP1,46.84024071254602,9.668916985330275,12,209,ANU1235282,NA
MP1-GR-PE-4,1614,Graubünden,Peist,CI,NA,WE,FALSE,616,PEWE09,MP1,46.84148543323048,9.667137155486882,27,229,921123706160000j00,NA
MP1-GR-LA-1,1687,Graubünden,La Punt-Chamues-ch,EI,NA,OE,FALSE,613,LPOE04,MP1,46.57053742755999,9.918656161647728,0,-1,7857926130000j00,NA
MP1-GR-LA-2,1690,Graubünden,La Punt-Chamues-ch,CI,NA,WI,FALSE,613,LPWI01,MP1,46.57848948646995,9.931611125617534,2,326,7858896130000j00,NA
MP1-GR-LA-3,1690,Graubünden,La Punt-Chamues-ch,IE,NA,WI,TRUE,694,LPWI02,MP1,46.57921478584317,9.933411759146434,0,344,ANU1605607,NA
MP1-GR-LA-4,1690,Graubünden,La Punt-Chamues-ch,IE,NA,WI,TRUE,694,LPWI06,MP1,46.576660982967624,9.92248627169423,2,137,ANU31555,NA
MP1-GR-LA-5,1699,Graubünden,La Punt-Chamues-ch,EI,NA,OE,FALSE,613,LPOE02,MP1,46.57318266329503,9.930402671190384,30,331,7857386130000j00,NA
MP1-GR-TS-1,1709,Graubünden,Tschappina,EI,NA,OE,FALSE,613,FLOE02,MP1,46.70074402038434,9.376572666498069,2,103,6623146130000j00,NA
MP1-GR-LA-6,1710,Graubünden,La Punt-Chamues-ch,CE,NA,OE,TRUE,612,LPOE01,MP1,46.57494575770788,9.91661048585446,10,132,ANU1605718,NA
MP1-GR-LA-7,1712,Graubünden,La Punt-Chamues-ch,CI,NA,WE,FALSE,613,LPWE04,MP1,46.56165991942805,9.91302988950175,12,326,3989028792,NA
MP1-GR-LA-8,1744,Graubünden,La Punt-Chamues-ch,IE,NA,WE,TRUE,617,LPWE06,MP1,46.56073242787015,9.9142922445662,3,296,7858136170000j00,NA
MP1-GR-FL-4,1756,Graubünden,Flerden,IE,NA,WE,TRUE,694,FLWE04,MP1,46.70902279493619,9.376019765727484,2,87,ANU1260197,NA
MP1-GR-LA-9,1757,Graubünden,La Punt-Chamues-ch,IE,NA,WE,TRUE,617,LPWE02,MP1,46.573802948687785,9.93862480082701,16,309,ANU1605542,NA
MP1-GR-TS-2,1767,Graubünden,Tschappina,CE,NA,OE,TRUE,612,FLOE10,MP1,46.70081061265219,9.372651306534344,10,112,ANU1234289,NA
MP1-GR-PE-5,1816,Graubünden,Peist,CE,NA,OE,TRUE,611,PEOE08,MP1,46.84527038735388,9.689979481059485,20,183,ANU1244016,NA
MP2-BE-GR-1,950,Bern,Grindelwald,FWi,Fettwiese,NA,TRUE,613,79/416,MP2,46.63272734096865,7.9769213243886,40,NE,218183,4.9
MP2-BE-GR-2,950,Bern,Grindelwald,FWi,Fettwiese,NA,TRUE,613,81/042,MP2,46.617428983043354,8.032384865049957,0,-,221440,29.1
MP2-BE-GR-3,970,Bern,Grindelwald,FWi,Fettwiese,NA,TRUE,613,Gr047b,MP2,46.62102958707416,8.014406789713343,40,N,220609,11.6
MP2-BE-GR-4,980,Bern,Grindelwald,FWi,Fettwiese,NA,TRUE,613,Gr039,MP2,46.61582069371879,8.03027842112357,7,E,323970,21.7
MP2-BE-GR-5,980,Bern,Grindelwald,MWi,Frischer Magerrasen,NA,TRUE,611,79/211,MP2,46.61519508688512,8.029488291426768,80,N,238167,1.8
MP2-BE-GR-6,985,Bern,Grindelwald,FWi,Fettwiese,NA,TRUE,613,Gr057,MP2,46.63304498124454,8.004217980191711,30,SW,211978,17.9
MP2-BE-GR-7,990,Bern,Grindelwald,FWi,Fettwiese,NA,TRUE,613,79/402,MP2,46.62666212511615,8.021256674500702,40,S,212079,30.7
MP2-BE-GR-8,990,Bern,Grindelwald,MWi,Frischer Magerrasen,NA,TRUE,613,80/133,MP2,46.62742941280952,8.01186334887874,70,S,212017,11.1
MP2-BE-GR-9,1002,Bern,Grindelwald,FWi,Fettwiese,NA,TRUE,613,Gr036,MP2,46.61900408791394,8.023524246639335,0,-,322405,30.9
MP2-BE-GR-10,1010,Bern,Grindelwald,FWi,Fettwiese,NA,TRUE,613,81/058,MP2,46.62336791324175,8.032058338654721,20,S,210157,10.8
MP2-BE-GR-11,1010,Bern,Grindelwald,MWi,Frischer Magerrasen,NA,TRUE,613,81/006,MP2,46.63253126869265,7.970781669403701,45,N,208255,11.1
MP2-BE-GR-12,1160,Bern,Grindelwald,MWi,Frischer Magerrasen,NA,TRUE,611,79/207,MP2,46.6116882749858,8.029188922275319,70,N,236333,2.4
MP2-BE-GR-13,1235,Bern,Grindelwald,MWi,Frischer Magerrasen,NA,TRUE,612,81/004,MP2,46.629626001963466,7.966835624210088,60,N,316191,1.4
MP2-BE-GR-14,1270,Bern,Grindelwald,FWi,Fettwiese,NA,TRUE,613,80/045,MP2,46.62068024881533,7.994166092574778,25,NE,828010,6.5
MP2-BE-GR-15,1290,Bern,Grindelwald,FWi,Fettwiese,NA,TRUE,613,81/031,MP2,46.63501716541907,8.073846404674924,30,S,228537,5.3
MP2-BE-GR-16,1320,Bern,Grindelwald,MWi,Basiphiler Magerrasen,NA,TRUE,612,81/024,MP2,46.62376083745085,7.989627825446924,90,E,236157,5.5
MP2-BE-GR-17,1325,Bern,Grindelwald,FWi,Fettwiese,NA,TRUE,613,Gr054,MP2,46.64012719296515,8.009124538334303,35,S,208218,14.8
MP2-BE-GR-18,1330,Bern,Grindelwald,MWi,Basiphiler Magerrasen,NA,TRUE,611,81/079,MP2,46.63729476546193,8.052193211427692,70,S,238107,1.4
MP2-BE-GR-19,1340,Bern,Grindelwald,MWi,Basiphiler Magerrasen,NA,TRUE,611,81/015,MP2,46.64004311514488,8.007948179317037,70,S,236275,4.4
MP2-BE-GR-20,1350,Bern,Grindelwald,MWi,Basiphiler Magerrasen,NA,TRUE,613,78/103,MP2,46.63773566177122,8.019547516558498,70,W,216886,12.2
MP2-BE-GR-21,1360,Bern,Grindelwald,FWi,Fettwiese,NA,TRUE,613,81/028,MP2,46.61907884849436,7.990494052087135,50,NE,649335,9.7
MP2-BE-GR-22,1380,Bern,Grindelwald,MWi,Basiphiler Magerrasen,NA,TRUE,611,80/057,MP2,46.607300804566826,8.025225171795995,70,N,236657,3.7
MP2-BE-GR-23,1400,Bern,Grindelwald,MWi,Azidophiler Magerrasen,NA,TRUE,611,79/206,MP2,46.6412002516511,8.061902766081197,25,SE,239485,3.2
MP2-BE-GR-24,1430,Bern,Grindelwald,FWi,Fettwiese,NA,TRUE,613,81/069,MP2,46.64530696774968,8.016624562297563,30,SW,982189,7.2
MP2-BE-GR-25,1430,Bern,Grindelwald,FWi,Fettwiese,NA,TRUE,613,81/050,MP2,46.639375735069144,8.082648289040712,15,W,212844,12.5
MP2-BE-GR-26,1580,Bern,Grindelwald,FWi,Fettwiese,NA,TRUE,612,81/074,MP2,46.65034959441021,8.06671104139817,25,SW,237531,14.5
MP3-BE-GR-27,940,Bern,Grindelwald,FWi,Fettwiese,NA,TRUE,613,80/050,MP3,46.62307599517447,8.018867848488682,2,NE,324140,11.9
MP3-BE-GR-28,940,Bern,Grindelwald,MWi,Basiphiler Magerrasen,NA,TRUE,613,81/063,MP3,46.62386422623385,8.023054511765464,85,S,865091,6.4
MP3-BE-GR-29,950,Bern,Grindelwald,MWi,Basiphiler Magerrasen,NA,TRUE,611,79/113,MP3,46.63901108554789,7.97972656062311,80,S,317601,4.8
MP3-BE-GR-30,985,Bern,Grindelwald,MWi,Frischer Magerrasen,NA,TRUE,611,80/132,MP3,46.62669134515905,8.015511651278914,70,S,837394,9.2
MP3-BE-GR-31,990,Bern,Grindelwald,FWi,Fettwiese,NA,TRUE,613,Gr048,MP3,46.61992896945608,8.018572981661489,30,N,223176,12.4
MP3-BE-GR-32,1000,Bern,Grindelwald,MWi,Frischer Magerrasen,NA,TRUE,613,81/065,MP3,46.619768925264275,8.014654493055568,15,NE,221792,9
MP3-BE-GR-33,1010,Bern,Grindelwald,FWi,Fettwiese,NA,TRUE,613,Gr073,MP3,46.6278148375882,8.041769951160056,5,S,760026,9.2
MP3-BE-GR-34,1035,Bern,Grindelwald,MWi,Frischer Magerrasen,NA,TRUE,613,80/058,MP3,46.61448896986749,8.026869651338435,10,NE,818084,3.7
MP3-BE-GR-35,1060,Bern,Grindelwald,FWi,Fettwiese,NA,TRUE,611,Gr037,MP3,46.613577963604634,8.02907900108352,0,-,312132,3.2
MP3-BE-GR-36,1070,Bern,Grindelwald,FWi,Fettwiese,NA,TRUE,613,79/424,MP3,46.6163141954144,8.021798010253567,20,N,332288,9
MP3-BE-GR-37,1080,Bern,Grindelwald,FWi,Fettwiese,NA,TRUE,613,0026,MP3,46.62957248238495,8.015020043069676,25,180,219267,8.7
MP3-BE-GR-38,1160,Bern,Grindelwald,FWi,Fettwiese,NA,TRUE,613,81/032,MP3,46.61685148177994,8.004440382903109,30,N,608307,11.1
MP3-BE-GR-39,1160,Bern,Grindelwald,FWi,Fettwiese,NA,TRUE,611,80/124,MP3,46.636081922489474,8.008559481159649,60,S,626249,7.1
MP3-BE-GR-40,1200,Bern,Grindelwald,FWi,Fettwiese,NA,TRUE,613,81/033,MP3,46.63285149949083,8.041956702704667,35,S,322030,5
MP3-BE-GR-41,1280,Bern,Grindelwald,MWi,Frischer Magerrasen,NA,TRUE,613,79/116,MP3,46.60868351074542,8.01871353975073,50,E,601832,7.2
MP3-BE-GR-42,1350,Bern,Grindelwald,FWi,Fettwiese,NA,TRUE,611,80/102,MP3,46.624745269083974,7.9906824167573,50,E,236158,4.8
MP3-BE-GR-43,1385,Bern,Grindelwald,FWi,Fettwiese,NA,TRUE,613,Gr017,MP3,46.64061386018676,8.05392879605537,20,SW,209426,13.2
MP3-BE-GR-44,1420,Bern,Grindelwald,FWi,Fettwiese,NA,TRUE,613,80/001,MP3,46.6426083822805,8.016595723443034,30,SSE,218665,6.5
MP3-BE-GR-45,1500,Bern,Grindelwald,MWi,Basiphiler Magerrasen,NA,TRUE,611,81/051,MP3,46.64438751010485,8.020533295747938,90,S,847194,4.2
MP3-BE-GR-46,1580,Bern,Grindelwald,MWi,Frischer Magerrasen,NA,TRUE,613,81/073,MP3,46.650263237838445,8.066056870848014,20,SW,322755,6.8
MP4-NI-EN-6,636,Nidwalden,Ennetmoos,CE,NA,OE,TRUE,611,ENOE02,MP4,46.95335172135295,8.34813848583895,15,333,7361,NA
MP4-GR-BO-3,759,Graubünden,Bonaduz,CE,NA,OE,TRUE,612,BOOE03,MP4,46.8044039387229,9.3658879985189,12,122,72118276120701j00,NA
MP4-GR-RH-5,759,Graubünden,Rhäzüns,CE,NA,OE,TRUE,611,RHOE07,MP4,46.79222379878874,9.394275285938251,20,60,ANU2041688,NA
MP4-BE-BE-7,822,Bern,Beatenberg,CE,NA,OE,TRUE,617,BEOE03,MP4,46.68708621301106,7.815596281475085,35,157,621004,NA
MP4-GR-BO-4,1042,Graubünden,Bonaduz,CE,NA,OE,TRUE,611,BOOE06,MP4,46.7973420947752,9.35777378333768,15,309,ANU2044645,NA
MP4-GR-RH-6,1132,Graubünden,Rhäzüns,CE,NA,OE,TRUE,611,RHOE04,MP4,46.77916197363838,9.391964262534398,25,65,ANU2041061,NA
MP4-GR-FL-5,1223,Graubünden,Flerden,CI,NA,WE,FALSE,613,FLWE10,MP4,46.70566922455433,9.404767823137863,20,49,6622376130000j00,NA
MP4-BE-BE-8,1233,Bern,Beatenberg,CE,NA,OE,TRUE,611,BEOE06,MP4,46.70092643521871,7.82311236099374,33,144,819262,NA
MP4-GL-MA-7,1496,Glarus,Matt,CE,NA,OE,TRUE,611,MAOE08,MP4,46.970391525402846,9.183134105322454,8,209,7999,NA
MP4-GR-SP-4,1513,Graubünden,Splügen,CI,NA,WI,FALSE,613,SPWI04,MP4,46.55749538340488,9.33361270812399,3,202,7147346130000j00,NA
MP4-GR-PE-6,1558,Graubünden,Peist,CI,NA,WI,FALSE,613,PEWI10,MP4,46.837332499842425,9.68177916551565,35,148,921124336130000j00,NA
MP4-GR-FL-6,1606,Graubünden,Flerden,CE,NA,OE,TRUE,611,FLOE09,MP4,46.70777878675083,9.38510021588007,2,78,ANU1223900,NA
MP4-GR-SP-5,1630,Graubünden,Splügen,CE,NA,OE,TRUE,611,SPOE02,MP4,46.55113505621321,9.337302811738873,15,315,ANU2040005,NA
MP4-GR-LA-10,1691,Graubünden,La Punt-Chamues-ch,CE,NA,OE,TRUE,612,LPOE07,MP4,46.57895356552146,9.935474977841702,0,355,7859006120715j00,NA
MP4-GR-LA-11,1727,Graubünden,La Punt-Chamues-ch,CE,NA,OE,TRUE,611,LPOE11,MP4,46.571208572008366,9.929127277853135,5,332,ANU31262,NA
MP4-GR-FL-7,1745,Graubünden,Flerden,CE,NA,OE,TRUE,612,FLOE04,MP4,46.70703894255881,9.376798773102076,2,85,ANU1224205,NA
MP4-GR-LA-12,1769,Graubünden,La Punt-Chamues-ch,CE,NA,OE,TRUE,611,LPOE08,MP4,46.57232132953762,9.938298308320752,8,287,ANU1605539,NA
MP4-GR-LA-13,1780,Graubünden,La Punt-Chamues-ch,CE,NA,OE,TRUE,611,LPOE03,MP4,46.58317775626449,9.92116844768859,3,117,ANU1605648,NA
MP5-GR-RH-7,721,Graubünden,Rhäzüns,IE,NA,WE,TRUE,611,RHWE09,MP5,46.79220136876256,9.395584616473824,30,86,ANU2020954,NA
MP5-GL-MA-8,1375,Glarus,Matt,CE,NA,OE,TRUE,617,MAOE05,MP5,46.966919807285585,9.188399632651011,50,176,7961,NA
MP6-LU-GR-6,691,Lucerne,Greppen,CI,NA,WE,FALSE,616,GEWE04,MP6,47.053771653120414,8.43891605181875,15,294,LU.KUL.1668013,NA
MP6-GL-MA-9,864,Glarus,Matt,CI,NA,WI,FALSE,613,MAWI08,MP6,46.946082852433975,9.171266443378428,0,51,7743,NA
MP6-GL-MA-10,879,Glarus,Matt,CI,NA,WI,FALSE,613,MAWI07,MP6,46.95603466708877,9.167645335953653,20,62,7597,NA
MP6-GL-MA-11,934,Glarus,Matt,CI,NA,WI,FALSE,613,MAWI11,MP6,46.95499624078174,9.176810108562808,20,304,7809,NA
MP6-GR-FL-8,1072,Graubünden,Flerden,CI,NA,WI,FALSE,613,FLWI10,MP6,46.70641083713791,9.413401931787853,10,36,6622506130000j00,NA
MP6-GR-MA-1,1132,Graubünden,Masein,CI,NA,WI,FALSE,613,FLWI09,MP6,46.700115987511126,9.413171557315732,1,81,3989028225,NA
MP6-GR-TI-4,1313,Graubünden,Tiefencastel,CI,NA,WE,FALSE,616,SVWE07,MP6,46.66780954100154,9.538358440920474,8,53,54232136160000j00,NA
MP6-GL-MA-12,1408,Glarus,Matt,CI,NA,WI,FALSE,613,MAWI06,MP6,46.96942193365669,9.177755509952908,15,209,8093,NA
MP6-GR-TI-5,1434,Graubünden,Tiefencastel,CI,NA,WI,FALSE,613,SVWI03,MP6,46.66188028009539,9.53855403326466,3,71,54231306130000j00,NA
MP6-GR-SP-6,1447,Graubünden,Splügen,CI,NA,WI,FALSE,613,SPWI02,MP6,46.560874532490416,9.346776267177924,2,114,7148406130000j00,NA
MP6-GR-SP-7,1458,Graubünden,Splügen,CI,NA,WI,FALSE,613,SPWI08,MP6,46.552176201158275,9.3288010216904,0,348,7147616130000j00,NA
MP6-GR-ST-1,1472,Graubünden,St. Peter-Pagig,CI,NA,WI,FALSE,613,PEWI01,MP6,46.837716590606725,9.662124521818528,10,152,921123816130000j00,NA
MP6-GR-SP-8,1478,Graubünden,Splügen,CI,NA,WI,FALSE,613,SPWI11,MP6,46.5480131640949,9.308500817254194,0,107,714336130000j00,NA
MP6-GR-PE-7,1549,Graubünden,Peist,CI,NA,WI,FALSE,613,PEWI13,MP6,46.83676416066698,9.692045176940598,2,202,921125406130000j00,NA
MP6-GR-FL-9,1634,Graubünden,Flerden,CI,NA,WE,FALSE,613,FLWE02,MP6,46.70862042927459,9.38274207578835,10,65,6623026130000j00,NA
MP6-GR-LA-14,1685,Graubünden,La Punt-Chamues-ch,CI,NA,WI,FALSE,613,LPWI07,MP6,46.57326318931645,9.917476078328445,0,315,7857806130000j00,NA
MP6-GR-LA-15,1690,Graubünden,La Punt-Chamues-ch,CI,NA,WI,FALSE,613,LPWI09,MP6,46.57216476121876,9.92656117890666,0,301,7857466130000j00,NA
MP6-GR-LA-16,1700,Graubünden,La Punt-Chamues-ch,CI,NA,WI,FALSE,613,LPWI05,MP6,46.57766369063981,9.938456678909665,1,270,7859106130000j00,NA
MP6-GR-LA-17,1701,Graubünden,La Punt-Chamues-ch,CI,NA,WI,FALSE,613,LPWI08,MP6,46.58295405103594,9.92705765098627,2,129,7855556130000j00,NA
MP6-GR-PE-8,1720,Graubünden,Peist,CI,NA,WI,FALSE,613,PEWI12,MP6,46.84179854143674,9.683973609180246,6,258,921124176130000j00,NA
MP6-GR-MO-1,1889,Graubünden,Mon,CE,NA,OE,TRUE,612,SVOE06,MP6,46.653175771332826,9.522533596799638,6,89,ANU2084621,NA
MP6-GR-TI-6,2003,Graubünden,Tiefencastel,CE,NA,OE,TRUE,694,SVOE07,MP6,46.65954204611294,9.518858344592944,0,82,3989025593,NA
MP6-GR-PE-9,2108,Graubünden,Peist,CE,NA,OE,TRUE,611,PEOE01,MP6,46.85788446396631,9.68919549941949,3,191,ANU1260048,NA
MP6-GR-PE-10,2137,Graubünden,Peist,CE,NA,OE,TRUE,611,PEOE02,MP6,46.85862853027491,9.697098008576564,5,194,ANU40001,NA
MP6-GR-PE-11,2196,Graubünden,Peist,CE,NA,OE,TRUE,611,PEOE09,MP6,46.86160994695873,9.68279153608474,6,155,ANU1244021,NA
MP7-GR-RH-8,724,Graubünden,Rhäzüns,CE,NA,OE,TRUE,611,RHOE08,MP7,46.79037665979684,9.39720144316557,15,299,ANU2020965,NA
MP7-GL-MA-13,867,Glarus,Matt,CI,NA,WI,FALSE,613,MAWI01,MP7,46.95513486601334,9.169089104474784,2,79,7717,NA
MP7-LU-GR-7,867,Lucerne,Greppen,CI,NA,WE,FALSE,616,GEWE09,MP7,47.05737543083658,8.446918035248865,17,298,LU.KUL.91542,NA
MP7-GR-BO-5,880,Graubünden,Bonaduz,EI,NA,OE,FALSE,613,BOOE10,MP7,46.79481982691301,9.347202391213749,14,264,72119476130000j00,NA
MP7-GL-MA-14,889,Glarus,Matt,CI,NA,WI,FALSE,613,MAWI04,MP7,46.95243747337902,9.167529538335756,20,70,7725,NA
MP7-GR-BO-6,1071,Graubünden,Bonaduz,CE,NA,OE,TRUE,611,BOOE07,MP7,46.797320083323704,9.3590832533279,19,301,ANU2044640,NA
MP7-GR-FL-10,1106,Graubünden,Flerden,CI,NA,WI,FALSE,613,FLWI06,MP7,46.70369039643661,9.414610367861751,6,84,6622486130000j00,NA
MP7-GR-FL-11,1174,Graubünden,Flerden,CI,NA,WI,FALSE,613,FLWI03,MP7,46.70379305830747,9.411157822476335,4,63,662606130000j00,NA
MP7-GR-TI-7,1214,Graubünden,Tiefencastel,CI,NA,WI,FALSE,613,SVWI02,MP7,46.66810258546295,9.542717640904712,4,66,54232236130000j00,NA
MP7-GR-TI-8,1247,Graubünden,Tiefencastel,CI,NA,WI,FALSE,613,SVWI07,MP7,46.669050035510935,9.540140126639338,3,51,54232216130000j00,NA
MP7-BE-BE-9,1281,Bern,Beatenberg,CE,NA,OE,TRUE,611,BEOE09,MP7,46.694100318660496,7.772644935356083,45,168,856362,NA
MP7-BE-BE-10,1292,Bern,Beatenberg,CE,NA,OE,TRUE,617,BEOE05,MP7,46.70163183795197,7.822563705443963,25,144,313706,NA
MP7-GR-TI-9,1295,Graubünden,Tiefencastel,CI,NA,WE,FALSE,616,SVWE05,MP7,46.66912225483894,9.536221277900436,20,12,54232286160000j00,NA
MP7-GR-RH-9,1309,Graubünden,Rhäzüns,CE,NA,OE,TRUE,611,RHOE05,MP7,46.77184384906347,9.392157134902297,20,32,ANU31470,NA
MP7-BE-BE-11,1339,Bern,Beatenberg,CE,NA,OE,TRUE,611,BEOE07,MP7,46.7048560076883,7.8256923801113745,19,134,236418,NA
MP7-GR-RH-10,1347,Graubünden,Rhäzüns,IE,NA,WE,TRUE,611,RHWE02,MP7,46.78104300131131,9.384777215846189,12,57,ANU2021048,NA
MP7-GR-TI-10,1355,Graubünden,Tiefencastel,CI,NA,WI,FALSE,613,SVWI01,MP7,46.666400504855616,9.537422689122714,6,47,54231996130000j00,NA
MP7-GL-MA-15,1364,Glarus,Matt,CI,NA,WI,FALSE,616,MAWI09,MP7,46.96654717905556,9.186384223401529,7,176,7953,NA
MP7-GR-UR-2,1401,Graubünden,Urmein,CI,NA,WI,FALSE,613,FLWI08,MP7,46.702185121211635,9.397551715804372,8,106,6622856130000j00,NA
MP7-GR-UR-3,1407,Graubünden,Urmein,CI,NA,WI,FALSE,613,FLWI07,MP7,46.6990392301327,9.395345023972355,3,122,6622976130000j00,NA
MP7-GR-TI-11,1420,Graubünden,Tiefencastel,CI,NA,WI,FALSE,613,SVWI09,MP7,46.662779510836735,9.53858900565015,15,53,54231266130000j00,NA
MP7-GR-TI-12,1448,Graubünden,Tiefencastel,CI,NA,WI,FALSE,613,SVWI11,MP7,46.66098104926807,9.53851906204112,15,50,54231396130000j00,NA
MP7-GR-SP-9,1460,Graubünden,Splügen,CI,NA,WI,FALSE,613,SPWI07,MP7,46.5521430189382,9.330816647911016,1,329,7147656130000j00,NA
MP7-GL-MA-16,1462,Glarus,Matt,CE,NA,OE,TRUE,611,MAOE02,MP7,46.97292458771889,9.177813937388054,7,225,8063,NA
MP7-GR-SP-10,1469,Graubünden,Splügen,CI,NA,WE,FALSE,613,SPWE05,MP7,46.55824221708178,9.342770053893078,18,322,7148346130000j00,NA
MP7-GR-TI-13,1474,Graubünden,Tiefencastel,CI,NA,WI,FALSE,613,SVWI08,MP7,46.66100511880533,9.537212974777557,12,63,54231456130000j00,NA
MP7-GR-FL-12,1475,Graubünden,Flerden,CI,NA,WE,FALSE,616,FLWE06,MP7,46.70495024458131,9.393728029059517,10,72,662272b6160000j00,NA
MP7-GR-SP-11,1491,Graubünden,Splügen,CI,NA,WI,FALSE,613,SPWI09,MP7,46.54893390172935,9.307228414765852,1,131,714256130000j00,NA
MP7-GR-PE-12,1494,Graubünden,Peist,CI,NA,WI,FALSE,613,PEWI07,MP7,46.834532009796625,9.686907664644242,12,218,921125536130000j00,NA
MP7-GR-PE-13,1497,Graubünden,Peist,CI,NA,WI,FALSE,613,PEWI04,MP7,46.8355341665649,9.68170421139954,6,219,921124476130000j00,NA
MP7-GR-TI-14,1506,Graubünden,Tiefencastel,CI,NA,WE,FALSE,616,SVWE04,MP7,46.66751571241696,9.525701438517943,12,5,54232916160000j00,NA
MP7-GR-SP-12,1531,Graubünden,Splügen,CE,NA,OE,TRUE,611,SPOE06,MP7,46.55297716167307,9.334758796930538,8,303,ANU2040022,NA
MP7-GR-SP-13,1534,Graubünden,Splügen,CE,NA,OE,TRUE,617,SPOE07,MP7,46.547733182031905,9.325445657229965,15,334,ANU2040018,NA
MP7-GR-SP-14,1541,Graubünden,Splügen,CI,NA,WI,FALSE,613,SPWI03,MP7,46.55841640161089,9.33234050997666,5,88,7147236130000j00,NA
MP7-GR-PE-14,1563,Graubünden,Peist,CI,NA,WI,FALSE,613,PEWI03,MP7,46.83735821104838,9.680468864665665,5,200,921124426130000j00,NA
MP7-GR-SP-15,1577,Graubünden,Splügen,CE,NA,OE,TRUE,611,SPOE01,MP7,46.54508030917584,9.321741688900316,20,319,ANU2040144,NA
MP7-GR-SP-16,1590,Graubünden,Splügen,CE,NA,OE,TRUE,611,SPOEX4,MP7,46.55237854497141,9.3367357688366,20,310,ANU2040021,NA
MP7-GR-PE-15,1604,Graubünden,Peist,CI,NA,WE,FALSE,616,PEWE04,MP7,46.83815444125724,9.685747605109736,30,143,3990228247,NA
MP7-GR-FL-13,1666,Graubünden,Flerden,CE,NA,OE,TRUE,611,FLOE05,MP7,46.708897317448205,9.380750631589027,2,75,ANU1234025,NA
MP7-GR-LA-18,1686,Graubünden,La Punt-Chamues-ch,CI,NA,WI,FALSE,613,LPWI10,MP7,46.57317785603676,9.921387428985277,0,0,7857836130000j00,NA
MP7-GR-LA-19,1687,Graubünden,La Punt-Chamues-ch,CI,NA,WI,FALSE,613,LPWI03,MP7,46.57441703822603,9.923789300427238,0,319,7856866130000j00,NA
MP7-GR-LA-20,1696,Graubünden,La Punt-Chamues-ch,CE,NA,OE,TRUE,612,LPOE05,MP7,46.582054943946616,9.9270162707702,0,97,ANU1605745,NA
MP7-GR-LA-21,1723,Graubünden,La Punt-Chamues-ch,CE,NA,OE,TRUE,617,LPOE10,MP7,46.571869170782946,9.93665096516004,50,243,ANU1605581,NA
MP7-GR-TS-3,1727,Graubünden,Tschappina,CE,NA,OE,TRUE,612,FLOE06,MP7,46.70076623279574,9.375265547583457,5,106,6623106120715j00,NA
MP7-GR-LA-22,1739,Graubünden,La Punt-Chamues-ch,IE,NA,WE,TRUE,617,LPWE03,MP7,46.574598434346754,9.938706019610263,10,315,ANU1605567,NA
MP7-GR-TS-4,1811,Graubünden,Tschappina,CE,NA,OE,TRUE,612,FLOE07,MP7,46.70181470160511,9.369908417306531,30,104,3989031258,NA
MP7-GR-MO-2,1872,Graubünden,Mon,CE,NA,OE,TRUE,611,SVOE10,MP7,46.65137729840955,9.52246420023568,4,129,54232846110715j00,NA
MP7-GR-TI-15,1921,Graubünden,Tiefencastel,CE,NA,OE,TRUE,612,SVOE03,MP7,46.654998130993015,9.521297048961385,5,85,ANU2000109,NA
MP7-GR-TI-16,1950,Graubünden,Tiefencastel,CE,NA,OE,TRUE,611,SVOE08,MP7,46.65232429172006,9.519887129145667,1,92,ANU2000148,NA
MP7-GR-TI-17,1955,Graubünden,Tiefencastel,CE,NA,OE,TRUE,611,SVOE11,MP7,46.655921240046034,9.520025757649458,14,102,ANU2042453,NA
MP7-GR-TI-18,2028,Graubünden,Tiefencastel,CE,NA,OE,TRUE,611,SVOE05,MP7,46.65673955881586,9.51758991369983,12,93,ANU2001578,NA
MP7-GR-PE-16,2111,Graubünden,Peist,CE,NA,OE,TRUE,611,PEOE10,MP7,46.85677839599981,9.699644045845853,7,199,ANU1244172,NA
MP7-GR-PE-17,2158,Graubünden,Peist,CE,NA,OE,TRUE,611,PEOE06,MP7,46.85765162256508,9.700992623380868,45,239,ANU1224678,NA
MP7-GR-PE-18,2161,Graubünden,Peist,CE,NA,OE,TRUE,611,PEOE03,MP7,46.858756005114365,9.699754308421516,3,202,921123386110715j00,NA
MP7-GR-PE-19,2172,Graubünden,Peist,CE,NA,OE,TRUE,611,PEOE04,MP7,46.85950178662176,9.698446591158817,4,179,ANU1244167,NA
P1-BE-GR-47,902,Bern,Grindelwald,IWi,NA,Intensiv genutzte Wiese,FALSE,613,GM004,P1,46.63414697343004,7.981075260743676,2,180,217961,NA
P1-BE-GR-48,910,Bern,Grindelwald,IWi,Fettwiese,Intensiv genutzte Wiese,FALSE,613,Gr076,P1,46.637051869504525,7.975527750396597,13,S,207206,NA
P1-BE-GR-49,1000,Bern,Grindelwald,EWi,Fettwiese,Extensiv genutzte Wiese,TRUE,611,79/114,P1,46.63954956485678,7.979993159876,70,S,237798,NA
P1-BE-GR-50,1070,Bern,Grindelwald,IWi,Fettweide,Intensiv Wiese,FALSE,613,80/073,P1,46.63602119460554,8.002681919489788,30,S,217058,NA
P1-GR-TU-1,1236,Graubünden,Tujetsch,IWi,NA,Intensiv genutzte Wiese,FALSE,613,TM192,P1,46.67868706837961,8.803612746197816,5,140,98628176130000j00,NA
P1-GR-TU-2,1380,Graubünden,Tujetsch,IWi,NA,Intensiv genutzte Wiese,FALSE,613,TM053,P1,46.67890433079464,8.782298099786244,12,185,98627516130000j00,NA
P1-GR-TU-3,1419,Graubünden,Tujetsch,IWi,NA,Intensiv genutzte Wiese,FALSE,613,TM060,P1,46.67210588391493,8.747231797738907,12,135,98622766130000j00,NA
P1-BE-GR-51,1436,Bern,Grindelwald,EWi,Basiphiler Magerrasen,Extensive genutzte Wiese,TRUE,611,GM042,P1,46.642093129084415,8.008152615667441,40,160,725614,NA
P1-GR-TU-4,1459,Graubünden,Tujetsch,IWi,NA,Intensiv genutzte Wiese,FALSE,613,TM079,P1,46.67377520997877,8.744449033236284,17,150,98622216130000j00,NA
P1-GR-TU-5,1475,Graubünden,Tujetsch,IWi,NA,Intensiv genutzte Wiese,FALSE,613,TM009,P1,46.6800569987688,8.757555280651058,18,140,98625006130000j00,NA
P1-GR-TU-6,1475,Graubünden,Tujetsch,We,NA,Weide,TRUE,617,TM253,P1,46.683395373006874,8.77527208052493,40,200,ANU1952691,NA
P1-GR-TU-7,1510,Graubünden,Tujetsch,IWi,NA,Intensiv genutzte Wiese,FALSE,613,TM031,P1,46.66949335958214,8.740463892620209,40,110,98621526130000j00,NA
P1-GR-TU-8,1521,Graubünden,Tujetsch,IWi,NA,Intensiv genutzte Wiese,FALSE,613,TM029,P1,46.67580949773549,8.742001677886613,45,115,98621816130000j00,NA
P1-GR-TU-9,1550,Graubünden,Tujetsch,We,NA,Weide,FALSE,616,TM038,P1,46.66124676768828,8.72191855297521,40,135,9863686160000j00,NA
P1-GR-TU-10,1555,Graubünden,Tujetsch,We,NA,Weide,TRUE,617,NB1215,P1,46.65947456860053,8.717904110608643,25,SE,ANU1952880,NA
P1-GR-TU-11,1563,Graubünden,Tujetsch,EWi,NA,Extensiv genutzte Wiese,TRUE,617,TM110,P1,46.67945942209554,8.748521114043294,50,130,ANU1953058,NA
P1-GR-TU-12,1599,Graubünden,Tujetsch,EWi,NA,Extensiv genutzte Wiese,TRUE,611,TM028,P1,46.66996050471305,8.734999033633395,10,30,ANU1952980,NA
P1-GR-TU-13,1720,Graubünden,Tujetsch,EWi,NA,Extensiv genutzte Wiese,TRUE,611,NB1220,P1,46.6639107338502,8.723432392448228,58,SE,ANU1952928,NA
P1-GR-TU-14,1757,Graubünden,Tujetsch,We,NA,Weide,TRUE,617,TM210,P1,46.654989394557845,8.698146948454038,67,135,ANU1952777,NA
P1-GR-TU-15,1839,Graubünden,Tujetsch,EWi,NA,Extensiv genutzte Wiese,TRUE,611,TM027,P1,46.66610237387744,8.72215153729761,15,90,ANU1953074,NA
P2-BE-GR-52,970,Bern,Grindelwald,NA,Fettweide,Weide,FALSE,613,79/323,P2,46.633733418437565,7.97340534053496,30,N-NE,323468,NA
P2-BE-GR-53,1200,Bern,Grindelwald,NA,Fettweide,Weide,TRUE,611,81/038,P2,46.63117819817149,8.068577824437536,45,W,879473,NA
P2-BE-GR-54,1206,Bern,Grindelwald,NA,Fettweide,Weide,FALSE,613,GW005,P2,46.632352610088425,8.042734677351906,18,174,322028,NA
P2-BE-GR-55,1210,Bern,Grindelwald,NA,Fettweide,Weide,FALSE,613,GM091,P2,46.636716396183175,8.014769666917829,25,210,211778,NA
P2-GR-TU-16,1329.72,Graubünden,Tujetsch,NA,NA,Weide verbracht,NA,NA,Wc,P2,46.67711418735281,8.807623687861302,25.0496,Nord,NA,NA
P2-BE-GR-56,1440,Bern,Grindelwald,NA,Basiphiler Magerrasen,Weide,FALSE,613,GM088,P2,46.64370138284472,8.055230914484168,65,160,323870,NA
P2-GR-TU-17,1460.0976,Graubünden,Tujetsch,NA,NA,Weide,NA,NA,Fse,P2,46.68423428876922,8.78243911167737,33.8224,NA,NA,NA
P2-GR-TU-18,1569.24,Graubünden,Tujetsch,NA,NA,Extensiv genutzte Wiese,NA,NA,Mr,P2,46.68093465812545,8.749763707627496,29.5184,NA,NA,NA
P2-GR-TU-19,1584.7856,Graubünden,Tujetsch,NA,NA,Weide verbracht,NA,NA,Wt,P2,46.65191752645453,8.71159698027714,17.488,NA,NA,NA
P3-BE-GR-57,1116,Bern,Grindelwald,NA,Fettweide,Wiese,FALSE,613,GM024,P3,46.62846965718504,8.05556655761645,20,250,222360,NA
P3-BE-GR-58,1488,Bern,Grindelwald,NA,Basiphiler Magerrasen,genutzte Wiese,TRUE,611,GM049,P3,46.64387826026167,8.060758069650037,75,255,239030,NA
P3-BE-GR-59,1499,Bern,Grindelwald,NA,NA,genutzte Wiese,TRUE,611,GM034,P3,46.645554016060416,8.0536584510762,55,145,607544,NA
P3-GR-TU-20,1523,Graubünden,Tujetsch,NA,NA,Extensiv genutzte Wiese,FALSE,613,TM039,P3,46.6696430874439,8.739957794114884,35,90,98621446130000j00,NA
P3-GR-TU-21,1639,Graubünden,Tujetsch,NA,NA,Extensiv genutzte Wiese VERB.,FALSE,616,TM144,P3,46.67375520092131,8.735168549532977,53,130,98621676160000j00,NA
